article_record_id,law_name,law_number,year,article_number,repository_path,official_source_url,official_source_locator,repository_content_status,verification_status,effective_status,last_checked,verified_by,evidence_locator,notes
ART-40-2002-222,قانون المرافعات والتنفيذ المدني,40,2002,222,laws/civil-procedure/articles/222.md,https://www.agoye.gov.ye/page.php?id=478,المادة (222) في النص المنشور على صفحة المصدر الرسمي,text-matched-to-official-publication,partially-verified,unknown,2026-10-11,مراجعة نصية أولية,المادة المحددة في صفحة النيابة العامة؛ لم يثبت النفاذ الحالي,تمت مطابقة النص الظاهر في المستودع مع نص المادة المنشور في صفحة النيابة العامة اليمنية بتاريخ 2026-10-11. هذه مطابقة أولية للنص المنشور فقط؛ لم يُحسم النفاذ الحالي أو وجود نسخة موحدة أحدث أو تعديلات لاحقة، ولذلك لا يُستعمل السجل كدليل على النفاذ.
ART-40-2002-499,قانون المرافعات والتنفيذ المدني,40,2002,499,laws/civil-procedure/articles/499.md,https://www.agoye.gov.ye/page.php?id=478,المادة (499) في النص المنشور على صفحة المصدر الرسمي,text-matched-to-official-publication,partially-verified,unknown,2026-10-11,مراجعة نصية أولية,المادة المحددة في صفحة النيابة العامة؛ لم يثبت النفاذ الحالي,تمت مطابقة النص الظاهر في المستودع مع نص المادة المنشور في صفحة النيابة العامة اليمنية بتاريخ 2026-10-11. هذه مطابقة أولية للنص المنشور فقط؛ لم يُحسم النفاذ الحالي أو وجود نسخة موحدة أحدث أو تعديلات لاحقة، ولذلك لا يُستعمل السجل كدليل على النفاذ.
ART-40-2002-502,قانون المرافعات والتنفيذ المدني,40,2002,502,laws/civil-procedure/articles/502.md,https://www.agoye.gov.ye/page.php?id=478,المادة (502) في النص المنشور على صفحة المصدر الرسمي,text-matched-to-official-publication,partially-verified,unknown,2026-10-11,مراجعة نصية أولية,المادة المحددة في صفحة النيابة العامة؛ لم يثبت النفاذ الحالي,تمت مطابقة النص الظاهر في المستودع مع نص المادة المنشور في صفحة النيابة العامة اليمنية بتاريخ 2026-10-11. هذه مطابقة أولية للنص المنشور فقط؛ لم يُحسم النفاذ الحالي أو وجود نسخة موحدة أحدث أو تعديلات لاحقة، ولذلك لا يُستعمل السجل كدليل على النفاذ.
ART-13-1994-346,قانون الإجراءات الجزائية,13,1994,346,laws/criminal-procedure/articles/346.md,https://www.agoye.gov.ye/page.php?id=260&lng=arabic,المادة (346) في النص المنشور على صفحة المصدر الرسمي,text-matched-to-official-publication,partially-verified,unknown,2026-10-11,مراجعة نصية أولية,المادة المحددة في صفحة النيابة العامة؛ لم يثبت النفاذ الحالي,تمت مطابقة النص الظاهر في المستودع مع نص المادة المنشور في صفحة النيابة العامة اليمنية بتاريخ 2026-10-11. هذه مطابقة أولية للنص المنشور فقط؛ لم يُحسم النفاذ الحالي أو وجود نسخة موحدة أحدث أو تعديلات لاحقة، ولذلك لا يُستعمل السجل كدليل على النفاذ.
ART-13-1994-350,قانون الإجراءات الجزائية,13,1994,350,laws/criminal-procedure/articles/350.md,https://www.agoye.gov.ye/page.php?id=260&lng=arabic,المادة (350) في النص المنشور على صفحة المصدر الرسمي,text-matched-to-official-publication,partially-verified,unknown,2026-10-11,مراجعة نصية أولية,المادة المحددة في صفحة النيابة العامة؛ لم يثبت النفاذ الحالي,تمت مطابقة النص الظاهر في المستودع مع نص المادة المنشور في صفحة النيابة العامة اليمنية بتاريخ 2026-10-11. هذه مطابقة أولية للنص المنشور فقط؛ لم يُحسم النفاذ الحالي أو وجود نسخة موحدة أحدث أو تعديلات لاحقة، ولذلك لا يُستعمل السجل كدليل على النفاذ.
ART-13-1994-367,قانون الإجراءات الجزائية,13,1994,367,laws/criminal-procedure/articles/367.md,https://www.agoye.gov.ye/page.php?id=260&lng=arabic,المادة (367) في النص المنشور على صفحة المصدر الرسمي,text-matched-to-official-publication,partially-verified,unknown,2026-10-11,مراجعة نصية أولية,المادة المحددة في صفحة النيابة العامة؛ لم يثبت النفاذ الحالي,تمت مطابقة النص الظاهر في المستودع مع نص المادة المنشور في صفحة النيابة العامة اليمنية بتاريخ 2026-10-11. هذه مطابقة أولية للنص المنشور فقط؛ لم يُحسم النفاذ الحالي أو وجود نسخة موحدة أحدث أو تعديلات لاحقة، ولذلك لا يُستعمل السجل كدليل على النفاذ.
ART-13-1994-368,قانون الإجراءات الجزائية,13,1994,368,laws/criminal-procedure/articles/368.md,https://www.agoye.gov.ye/page.php?id=260&lng=arabic,المادة (368) في النص المنشور على صفحة المصدر الرسمي,text-matched-to-official-publication,partially-verified,unknown,2026-10-11,مراجعة نصية أولية,المادة المحددة في صفحة النيابة العامة؛ لم يثبت النفاذ الحالي,تمت مطابقة النص الظاهر في المستودع مع نص المادة المنشور في صفحة النيابة العامة اليمنية بتاريخ 2026-10-11. هذه مطابقة أولية للنص المنشور فقط؛ لم يُحسم النفاذ الحالي أو وجود نسخة موحدة أحدث أو تعديلات لاحقة، ولذلك لا يُستعمل السجل كدليل على النفاذ.
ART-13-1994-411,قانون الإجراءات الجزائية,13,1994,411,laws/criminal-procedure/articles/411.md,https://www.agoye.gov.ye/page.php?id=260&lng=arabic,المادة (411) في النص المنشور على صفحة المصدر الرسمي,text-matched-to-official-publication,partially-verified,unknown,2026-10-11,مراجعة نصية أولية,المادة المحددة في صفحة النيابة العامة؛ لم يثبت النفاذ الحالي,تمت مطابقة النص الظاهر في المستودع مع نص المادة المنشور في صفحة النيابة العامة اليمنية بتاريخ 2026-10-11. هذه مطابقة أولية للنص المنشور فقط؛ لم يُحسم النفاذ الحالي أو وجود نسخة موحدة أحدث أو تعديلات لاحقة، ولذلك لا يُستعمل السجل كدليل على النفاذ.
ART-13-1994-469,قانون الإجراءات الجزائية,13,1994,469,laws/criminal-procedure/articles/469.md,https://www.agoye.gov.ye/page.php?id=260&lng=arabic,المادة (469) في النص المنشور على صفحة المصدر الرسمي,text-matched-to-official-publication,partially-verified,unknown,2026-10-11,مراجعة نصية أولية,المادة المحددة في صفحة النيابة العامة؛ لم يثبت النفاذ الحالي,تمت مطابقة النص الظاهر في المستودع مع نص المادة المنشور في صفحة النيابة العامة اليمنية بتاريخ 2026-10-11. هذه مطابقة أولية للنص المنشور فقط؛ لم يُحسم النفاذ الحالي أو وجود نسخة موحدة أحدث أو تعديلات لاحقة، ولذلك لا يُستعمل السجل كدليل على النفاذ.
ART-12-1994-2,قانون الجرائم والعقوبات,12,1994,2,laws/penal-code/articles/2.md,https://agoye.gov.ye/page.php?id=391,المادة (2) في النص المنشور على صفحة المصدر الرسمي,text-matched-to-official-publication,partially-verified,unknown,2026-10-11,مراجعة نصية أولية,المادة المحددة في صفحة النيابة العامة؛ لم يثبت النفاذ الحالي,تمت مطابقة النص الظاهر في المستودع مع نص المادة المنشور في صفحة النيابة العامة اليمنية بتاريخ 2026-10-11. هذه مطابقة أولية للنص المنشور فقط؛ لم يُحسم النفاذ الحالي أو وجود نسخة موحدة أحدث أو تعديلات لاحقة، ولذلك لا يُستعمل السجل كدليل على النفاذ.
ART-12-1994-16,قانون الجرائم والعقوبات,12,1994,16,laws/penal-code/articles/16.md,https://agoye.gov.ye/page.php?id=391,المادة (16) في النص المنشور على صفحة المصدر الرسمي,text-matched-to-official-publication,partially-verified,unknown,2026-10-11,مراجعة نصية أولية,المادة المحددة في صفحة النيابة العامة؛ لم يثبت النفاذ الحالي,تمت مطابقة النص الظاهر في المستودع مع نص المادة المنشور في صفحة النيابة العامة اليمنية بتاريخ 2026-10-11. هذه مطابقة أولية للنص المنشور فقط؛ لم يُحسم النفاذ الحالي أو وجود نسخة موحدة أحدث أو تعديلات لاحقة، ولذلك لا يُستعمل السجل كدليل على النفاذ.
ART-12-1994-253,قانون الجرائم والعقوبات,12,1994,253,laws/penal-code/articles/253.md,https://agoye.gov.ye/page.php?id=391,المادة (253) في النص المنشور على صفحة المصدر الرسمي,text-matched-to-official-publication,partially-verified,unknown,2026-10-11,مراجعة نصية أولية,المادة المحددة في صفحة النيابة العامة؛ لم يثبت النفاذ الحالي,تمت مطابقة النص الظاهر في المستودع مع نص المادة المنشور في صفحة النيابة العامة اليمنية بتاريخ 2026-10-11. هذه مطابقة أولية للنص المنشور فقط؛ لم يُحسم النفاذ الحالي أو وجود نسخة موحدة أحدث أو تعديلات لاحقة، ولذلك لا يُستعمل السجل كدليل على النفاذ.
ART-12-1994-321,قانون الجرائم والعقوبات,12,1994,321,laws/penal-code/articles/321.md,https://agoye.gov.ye/page.php?id=391,المادة (321) في النص المنشور على صفحة المصدر الرسمي,text-matched-to-official-publication,partially-verified,unknown,2026-10-11,مراجعة نصية أولية,المادة المحددة في صفحة النيابة العامة؛ لم يثبت النفاذ الحالي,تمت مطابقة النص الظاهر في المستودع مع نص المادة المنشور في صفحة النيابة العامة اليمنية بتاريخ 2026-10-11. هذه مطابقة أولية للنص المنشور فقط؛ لم يُحسم النفاذ الحالي أو وجود نسخة موحدة أحدث أو تعديلات لاحقة، ولذلك لا يُستعمل السجل كدليل على النفاذ.
ART-12-1994-323,قانون الجرائم والعقوبات,12,1994,323,laws/penal-code/articles/323.md,https://agoye.gov.ye/page.php?id=391,المادة (323) في النص المنشور على صفحة المصدر الرسمي,text-matched-to-official-publication,partially-verified,unknown,2026-10-11,مراجعة نصية أولية,المادة المحددة في صفحة النيابة العامة؛ لم يثبت النفاذ الحالي,تمت مطابقة النص الظاهر في المستودع مع نص المادة المنشور في صفحة النيابة العامة اليمنية بتاريخ 2026-10-11. هذه مطابقة أولية للنص المنشور فقط؛ لم يُحسم النفاذ الحالي أو وجود نسخة موحدة أحدث أو تعديلات لاحقة، ولذلك لا يُستعمل السجل كدليل على النفاذ.
