record_id,country_code,country_ar,country_en,institution_type,institution_name,official_url,url_status,access_conditions,last_checked,last_http_status,last_activity_date,next_review_due,source_evidence,notes
DZ-highest_court,DZ,الجزائر,Algeria,highest_court,الجزائر — المحكمة العليا / محكمة النقض / التمييز,,not_identified,URL not populated because a specific official page was not verified; do not infer or fabricate one.,,,2026-11-10,,يلزم تسجيل المحكمة العليا المختصة ورابط الأحكام أو المبادئ الأصلية
DZ-public_prosecution,DZ,الجزائر,Algeria,public_prosecution,الجزائر — النيابة العامة / الادعاء العام,,not_identified,URL not populated because a specific official page was not verified; do not infer or fabricate one.,,,2026-11-10,,يلزم تحديد الجهة الرسمية ونطاق اختصاصها ورابط القرارات أو التشريعات المنشورة
DZ-ministry_of_justice,DZ,الجزائر,Algeria,ministry_of_justice,الجزائر — وزارة العدل,,not_identified,URL not populated because a specific official page was not verified; do not infer or fabricate one.,,,2026-11-10,,يلزم التحقق من الصفحة الرسمية وصفحة التشريعات والخدمات القضائية
DZ-official_gazette,DZ,الجزائر,Algeria,official_gazette,الجزائر — الجريدة الرسمية,,not_identified,URL not populated because a specific official page was not verified; do not infer or fabricate one.,,,2026-11-10,,يلزم التحقق من جهة الإصدار وأرشيف الأعداد وإمكانية تنزيل النص الرسمي
BH-highest_court,BH,البحرين,Bahrain,highest_court,البحرين — المحكمة العليا / محكمة النقض / التمييز,,not_identified,URL not populated because a specific official page was not verified; do not infer or fabricate one.,,,2026-11-10,,يلزم تسجيل المحكمة العليا المختصة ورابط الأحكام أو المبادئ الأصلية
BH-public_prosecution,BH,البحرين,Bahrain,public_prosecution,البحرين — النيابة العامة / الادعاء العام,,not_identified,URL not populated because a specific official page was not verified; do not infer or fabricate one.,,,2026-11-10,,يلزم تحديد الجهة الرسمية ونطاق اختصاصها ورابط القرارات أو التشريعات المنشورة
BH-ministry_of_justice,BH,البحرين,Bahrain,ministry_of_justice,البحرين — وزارة العدل,,not_identified,Open website; individual legal material may require separate verification.,2026-10-11,,2026-11-10,Bahrain legislation and legal opinion commission website surfaced; verify exact ministry/commission role.,,لم يُتحقق من رابط وزارة العدل البحرينية تحديدًا؛ لا تستخدم رابط هيئة التشريع والرأي القانوني بديلًا عنها.
BH-official_gazette,BH,البحرين,Bahrain,official_gazette,البحرين — الجريدة الرسمية,https://www.lloc.gov.bh/en/OfficialGazette,official_page_found,Open website; individual legal material may require separate verification.,2026-10-11,,2026-11-10,Bahrain Legislation and Legal Opinion Commission official gazette page surfaced.,يلزم التحقق من جهة الإصدار وأرشيف الأعداد وإمكانية تنزيل النص الرسمي
KM-highest_court,KM,جزر القمر,Comoros,highest_court,جزر القمر — المحكمة العليا / محكمة النقض / التمييز,,not_identified,URL not populated because a specific official page was not verified; do not infer or fabricate one.,,,2026-11-10,,يلزم تسجيل المحكمة العليا المختصة ورابط الأحكام أو المبادئ الأصلية
KM-public_prosecution,KM,جزر القمر,Comoros,public_prosecution,جزر القمر — النيابة العامة / الادعاء العام,,not_identified,URL not populated because a specific official page was not verified; do not infer or fabricate one.,,,2026-11-10,,يلزم تحديد الجهة الرسمية ونطاق اختصاصها ورابط القرارات أو التشريعات المنشورة
KM-ministry_of_justice,KM,جزر القمر,Comoros,ministry_of_justice,جزر القمر — وزارة العدل,,not_identified,URL not populated because a specific official page was not verified; do not infer or fabricate one.,,,2026-11-10,,يلزم التحقق من الصفحة الرسمية وصفحة التشريعات والخدمات القضائية
KM-official_gazette,KM,جزر القمر,Comoros,official_gazette,جزر القمر — الجريدة الرسمية,,not_identified,URL not populated because a specific official page was not verified; do not infer or fabricate one.,,,2026-11-10,,يلزم التحقق من جهة الإصدار وأرشيف الأعداد وإمكانية تنزيل النص الرسمي
DJ-highest_court,DJ,جيبوتي,Djibouti,highest_court,جيبوتي — المحكمة العليا / محكمة النقض / التمييز,,not_identified,URL not populated because a specific official page was not verified; do not infer or fabricate one.,,,2026-11-10,,يلزم تسجيل المحكمة العليا المختصة ورابط الأحكام أو المبادئ الأصلية
DJ-public_prosecution,DJ,جيبوتي,Djibouti,public_prosecution,جيبوتي — النيابة العامة / الادعاء العام,,not_identified,URL not populated because a specific official page was not verified; do not infer or fabricate one.,,,2026-11-10,,يلزم تحديد الجهة الرسمية ونطاق اختصاصها ورابط القرارات أو التشريعات المنشورة
DJ-ministry_of_justice,DJ,جيبوتي,Djibouti,ministry_of_justice,جيبوتي — وزارة العدل,,not_identified,URL not populated because a specific official page was not verified; do not infer or fabricate one.,,,2026-11-10,,يلزم التحقق من الصفحة الرسمية وصفحة التشريعات والخدمات القضائية
DJ-official_gazette,DJ,جيبوتي,Djibouti,official_gazette,جيبوتي — الجريدة الرسمية,,not_identified,URL not populated because a specific official page was not verified; do not infer or fabricate one.,,,2026-11-10,,يلزم التحقق من جهة الإصدار وأرشيف الأعداد وإمكانية تنزيل النص الرسمي
EG-highest_court,EG,مصر,Egypt,highest_court,مصر — المحكمة العليا / محكمة النقض / التمييز,,not_identified,URL not populated because a specific official page was not verified; do not infer or fabricate one.,,,2026-11-10,,يلزم تسجيل المحكمة العليا المختصة ورابط الأحكام أو المبادئ الأصلية
EG-public_prosecution,EG,مصر,Egypt,public_prosecution,مصر — النيابة العامة / الادعاء العام,,not_identified,URL not populated because a specific official page was not verified; do not infer or fabricate one.,,,2026-11-10,,يلزم تحديد الجهة الرسمية ونطاق اختصاصها ورابط القرارات أو التشريعات المنشورة
EG-ministry_of_justice,EG,مصر,Egypt,ministry_of_justice,مصر — وزارة العدل,,not_identified,URL not populated because a specific official page was not verified; do not infer or fabricate one.,,,2026-11-10,,يلزم التحقق من الصفحة الرسمية وصفحة التشريعات والخدمات القضائية
EG-official_gazette,EG,مصر,Egypt,official_gazette,مصر — الجريدة الرسمية,,not_identified,URL not populated because a specific official page was not verified; do not infer or fabricate one.,,,2026-11-10,,يلزم التحقق من جهة الإصدار وأرشيف الأعداد وإمكانية تنزيل النص الرسمي
IQ-highest_court,IQ,العراق,Iraq,highest_court,العراق — المحكمة العليا / محكمة النقض / التمييز,,not_identified,URL not populated because a specific official page was not verified; do not infer or fabricate one.,,,2026-11-10,,يلزم تسجيل المحكمة العليا المختصة ورابط الأحكام أو المبادئ الأصلية
IQ-public_prosecution,IQ,العراق,Iraq,public_prosecution,العراق — النيابة العامة / الادعاء العام,,not_identified,URL not populated because a specific official page was not verified; do not infer or fabricate one.,,,2026-11-10,,يلزم تحديد الجهة الرسمية ونطاق اختصاصها ورابط القرارات أو التشريعات المنشورة
IQ-ministry_of_justice,IQ,العراق,Iraq,ministry_of_justice,العراق — وزارة العدل,,not_identified,URL not populated because a specific official page was not verified; do not infer or fabricate one.,,,2026-11-10,,يلزم التحقق من الصفحة الرسمية وصفحة التشريعات والخدمات القضائية
IQ-official_gazette,IQ,العراق,Iraq,official_gazette,العراق — الجريدة الرسمية,,not_identified,URL not populated because a specific official page was not verified; do not infer or fabricate one.,,,2026-11-10,,يلزم التحقق من جهة الإصدار وأرشيف الأعداد وإمكانية تنزيل النص الرسمي
JO-highest_court,JO,الأردن,Jordan,highest_court,الأردن — المحكمة العليا / محكمة النقض / التمييز,,not_identified,URL not populated because a specific official page was not verified; do not infer or fabricate one.,,,2026-11-10,,يلزم تسجيل المحكمة العليا المختصة ورابط الأحكام أو المبادئ الأصلية
JO-public_prosecution,JO,الأردن,Jordan,public_prosecution,الأردن — النيابة العامة / الادعاء العام,,not_identified,URL not populated because a specific official page was not verified; do not infer or fabricate one.,,,2026-11-10,,يلزم تحديد الجهة الرسمية ونطاق اختصاصها ورابط القرارات أو التشريعات المنشورة
JO-ministry_of_justice,JO,الأردن,Jordan,ministry_of_justice,الأردن — وزارة العدل,https://moj.gov.jo/,candidate_url_not_checked,Open website; individual legal material may require separate verification.,2026-10-11,,2026-11-10,Search result for Jordan Ministry of Justice official site.,,الرابط مرشح للفحص، ولم يُثبت في هذه الجولة أنه الصفحة الرسمية الحالية للجهة المحددة.
JO-official_gazette,JO,الأردن,Jordan,official_gazette,الأردن — الجريدة الرسمية,,not_identified,URL not populated because a specific official page was not verified; do not infer or fabricate one.,,,2026-11-10,,يلزم التحقق من جهة الإصدار وأرشيف الأعداد وإمكانية تنزيل النص الرسمي
KW-highest_court,KW,الكويت,Kuwait,highest_court,الكويت — المحكمة العليا / محكمة النقض / التمييز,,not_identified,URL not populated because a specific official page was not verified; do not infer or fabricate one.,,,2026-11-10,,يلزم تسجيل المحكمة العليا المختصة ورابط الأحكام أو المبادئ الأصلية
KW-public_prosecution,KW,الكويت,Kuwait,public_prosecution,الكويت — النيابة العامة / الادعاء العام,,not_identified,URL not populated because a specific official page was not verified; do not infer or fabricate one.,,,2026-11-10,,يلزم تحديد الجهة الرسمية ونطاق اختصاصها ورابط القرارات أو التشريعات المنشورة
KW-ministry_of_justice,KW,الكويت,Kuwait,ministry_of_justice,الكويت — وزارة العدل,https://moj.gov.kw/,candidate_url_not_checked,Open website; individual legal material may require separate verification.,2026-10-11,,2026-11-10,Kuwait Ministry of Justice official website surfaced.,,الرابط مرشح للفحص، ولم يُثبت في هذه الجولة أنه الصفحة الرسمية الحالية للجهة المحددة.
KW-official_gazette,KW,الكويت,Kuwait,official_gazette,الكويت — الجريدة الرسمية,,not_identified,URL not populated because a specific official page was not verified; do not infer or fabricate one.,,,2026-11-10,,يلزم التحقق من جهة الإصدار وأرشيف الأعداد وإمكانية تنزيل النص الرسمي
LB-highest_court,LB,لبنان,Lebanon,highest_court,لبنان — المحكمة العليا / محكمة النقض / التمييز,,not_identified,URL not populated because a specific official page was not verified; do not infer or fabricate one.,,,2026-11-10,,يلزم تسجيل المحكمة العليا المختصة ورابط الأحكام أو المبادئ الأصلية
LB-public_prosecution,LB,لبنان,Lebanon,public_prosecution,لبنان — النيابة العامة / الادعاء العام,,not_identified,URL not populated because a specific official page was not verified; do not infer or fabricate one.,,,2026-11-10,,يلزم تحديد الجهة الرسمية ونطاق اختصاصها ورابط القرارات أو التشريعات المنشورة
LB-ministry_of_justice,LB,لبنان,Lebanon,ministry_of_justice,لبنان — وزارة العدل,,not_identified,URL not populated because a specific official page was not verified; do not infer or fabricate one.,,,2026-11-10,,يلزم التحقق من الصفحة الرسمية وصفحة التشريعات والخدمات القضائية
LB-official_gazette,LB,لبنان,Lebanon,official_gazette,لبنان — الجريدة الرسمية,,not_identified,URL not populated because a specific official page was not verified; do not infer or fabricate one.,,,2026-11-10,,يلزم التحقق من جهة الإصدار وأرشيف الأعداد وإمكانية تنزيل النص الرسمي
LY-highest_court,LY,ليبيا,Libya,highest_court,ليبيا — المحكمة العليا / محكمة النقض / التمييز,,not_identified,URL not populated because a specific official page was not verified; do not infer or fabricate one.,,,2026-11-10,,يلزم تسجيل المحكمة العليا المختصة ورابط الأحكام أو المبادئ الأصلية
LY-public_prosecution,LY,ليبيا,Libya,public_prosecution,ليبيا — النيابة العامة / الادعاء العام,,not_identified,URL not populated because a specific official page was not verified; do not infer or fabricate one.,,,2026-11-10,,يلزم تحديد الجهة الرسمية ونطاق اختصاصها ورابط القرارات أو التشريعات المنشورة
LY-ministry_of_justice,LY,ليبيا,Libya,ministry_of_justice,ليبيا — وزارة العدل,,not_identified,URL not populated because a specific official page was not verified; do not infer or fabricate one.,,,2026-11-10,,يلزم التحقق من الصفحة الرسمية وصفحة التشريعات والخدمات القضائية
LY-official_gazette,LY,ليبيا,Libya,official_gazette,ليبيا — الجريدة الرسمية,,not_identified,URL not populated because a specific official page was not verified; do not infer or fabricate one.,,,2026-11-10,,يلزم التحقق من جهة الإصدار وأرشيف الأعداد وإمكانية تنزيل النص الرسمي
MR-highest_court,MR,موريتانيا,Mauritania,highest_court,موريتانيا — المحكمة العليا / محكمة النقض / التمييز,,not_identified,URL not populated because a specific official page was not verified; do not infer or fabricate one.,,,2026-11-10,,يلزم تسجيل المحكمة العليا المختصة ورابط الأحكام أو المبادئ الأصلية
MR-public_prosecution,MR,موريتانيا,Mauritania,public_prosecution,موريتانيا — النيابة العامة / الادعاء العام,,not_identified,URL not populated because a specific official page was not verified; do not infer or fabricate one.,,,2026-11-10,,يلزم تحديد الجهة الرسمية ونطاق اختصاصها ورابط القرارات أو التشريعات المنشورة
MR-ministry_of_justice,MR,موريتانيا,Mauritania,ministry_of_justice,موريتانيا — وزارة العدل,,not_identified,URL not populated because a specific official page was not verified; do not infer or fabricate one.,,,2026-11-10,,يلزم التحقق من الصفحة الرسمية وصفحة التشريعات والخدمات القضائية
MR-official_gazette,MR,موريتانيا,Mauritania,official_gazette,موريتانيا — الجريدة الرسمية,,not_identified,URL not populated because a specific official page was not verified; do not infer or fabricate one.,,,2026-11-10,,يلزم التحقق من جهة الإصدار وأرشيف الأعداد وإمكانية تنزيل النص الرسمي
MA-highest_court,MA,المغرب,Morocco,highest_court,المغرب — المحكمة العليا / محكمة النقض / التمييز,,not_identified,URL not populated because a specific official page was not verified; do not infer or fabricate one.,,,2026-11-10,,يلزم تسجيل المحكمة العليا المختصة ورابط الأحكام أو المبادئ الأصلية
MA-public_prosecution,MA,المغرب,Morocco,public_prosecution,المغرب — النيابة العامة / الادعاء العام,,not_identified,URL not populated because a specific official page was not verified; do not infer or fabricate one.,,,2026-11-10,,يلزم تحديد الجهة الرسمية ونطاق اختصاصها ورابط القرارات أو التشريعات المنشورة
MA-ministry_of_justice,MA,المغرب,Morocco,ministry_of_justice,المغرب — وزارة العدل,,not_identified,URL not populated because a specific official page was not verified; do not infer or fabricate one.,,,2026-11-10,,يلزم التحقق من الصفحة الرسمية وصفحة التشريعات والخدمات القضائية
MA-official_gazette,MA,المغرب,Morocco,official_gazette,المغرب — الجريدة الرسمية,,not_identified,URL not populated because a specific official page was not verified; do not infer or fabricate one.,,,2026-11-10,,يلزم التحقق من جهة الإصدار وأرشيف الأعداد وإمكانية تنزيل النص الرسمي
OM-highest_court,OM,عُمان,Oman,highest_court,عُمان — المحكمة العليا / محكمة النقض / التمييز,,not_identified,URL not populated because a specific official page was not verified; do not infer or fabricate one.,,,2026-11-10,,يلزم تسجيل المحكمة العليا المختصة ورابط الأحكام أو المبادئ الأصلية
OM-public_prosecution,OM,عُمان,Oman,public_prosecution,عُمان — النيابة العامة / الادعاء العام,,not_identified,URL not populated because a specific official page was not verified; do not infer or fabricate one.,,,2026-11-10,,يلزم تحديد الجهة الرسمية ونطاق اختصاصها ورابط القرارات أو التشريعات المنشورة
OM-ministry_of_justice,OM,عُمان,Oman,ministry_of_justice,عُمان — وزارة العدل,,not_identified,URL not populated because a specific official page was not verified; do not infer or fabricate one.,,,2026-11-10,,يلزم التحقق من الصفحة الرسمية وصفحة التشريعات والخدمات القضائية
OM-official_gazette,OM,عُمان,Oman,official_gazette,عُمان — الجريدة الرسمية,,not_identified,URL not populated because a specific official page was not verified; do not infer or fabricate one.,,,2026-11-10,,يلزم التحقق من جهة الإصدار وأرشيف الأعداد وإمكانية تنزيل النص الرسمي
PS-highest_court,PS,فلسطين,Palestine,highest_court,فلسطين — المحكمة العليا / محكمة النقض / التمييز,,not_identified,URL not populated because a specific official page was not verified; do not infer or fabricate one.,,,2026-11-10,,يلزم تسجيل المحكمة العليا المختصة ورابط الأحكام أو المبادئ الأصلية
PS-public_prosecution,PS,فلسطين,Palestine,public_prosecution,فلسطين — النيابة العامة / الادعاء العام,,not_identified,URL not populated because a specific official page was not verified; do not infer or fabricate one.,,,2026-11-10,,يلزم تحديد الجهة الرسمية ونطاق اختصاصها ورابط القرارات أو التشريعات المنشورة
PS-ministry_of_justice,PS,فلسطين,Palestine,ministry_of_justice,فلسطين — وزارة العدل,,not_identified,URL not populated because a specific official page was not verified; do not infer or fabricate one.,,,2026-11-10,,يلزم التحقق من الصفحة الرسمية وصفحة التشريعات والخدمات القضائية
PS-official_gazette,PS,فلسطين,Palestine,official_gazette,فلسطين — الجريدة الرسمية,,not_identified,URL not populated because a specific official page was not verified; do not infer or fabricate one.,,,2026-11-10,,يلزم التحقق من جهة الإصدار وأرشيف الأعداد وإمكانية تنزيل النص الرسمي
QA-highest_court,QA,قطر,Qatar,highest_court,قطر — المحكمة العليا / محكمة النقض / التمييز,,not_identified,URL not populated because a specific official page was not verified; do not infer or fabricate one.,,,2026-11-10,,يلزم تسجيل المحكمة العليا المختصة ورابط الأحكام أو المبادئ الأصلية
QA-public_prosecution,QA,قطر,Qatar,public_prosecution,قطر — النيابة العامة / الادعاء العام,,not_identified,URL not populated because a specific official page was not verified; do not infer or fabricate one.,,,2026-11-10,,يلزم تحديد الجهة الرسمية ونطاق اختصاصها ورابط القرارات أو التشريعات المنشورة
QA-ministry_of_justice,QA,قطر,Qatar,ministry_of_justice,قطر — وزارة العدل,https://www.moj.gov.qa/ar,official_page_found,Open website; individual legal material may require separate verification.,2026-10-11,,2026-11-10,Qatar Ministry of Justice official website surfaced.,يلزم التحقق من الصفحة الرسمية وصفحة التشريعات والخدمات القضائية
QA-official_gazette,QA,قطر,Qatar,official_gazette,قطر — الجريدة الرسمية,,not_identified,Open website; individual legal material may require separate verification.,2026-10-11,,2026-11-10,Qatar Ministry of Justice official gazette archive page surfaced.,,لم يُتحقق من صفحة محددة للجريدة الرسمية القطرية في هذه الجولة؛ لا تعتمد رابطًا مفترضًا.
SA-highest_court,SA,السعودية,Saudi Arabia,highest_court,السعودية — المحكمة العليا / محكمة النقض / التمييز,,not_identified,URL not populated because a specific official page was not verified; do not infer or fabricate one.,,,2026-11-10,,يلزم تسجيل المحكمة العليا المختصة ورابط الأحكام أو المبادئ الأصلية
SA-public_prosecution,SA,السعودية,Saudi Arabia,public_prosecution,السعودية — النيابة العامة / الادعاء العام,,not_identified,URL not populated because a specific official page was not verified; do not infer or fabricate one.,,,2026-11-10,,يلزم تحديد الجهة الرسمية ونطاق اختصاصها ورابط القرارات أو التشريعات المنشورة
SA-ministry_of_justice,SA,السعودية,Saudi Arabia,ministry_of_justice,السعودية — وزارة العدل,https://www.moj.gov.sa/ar/Ministry/Courts/pages/default.aspx,official_page_found,Open website; individual legal material may require separate verification.,2026-10-11,,2026-11-10,Saudi Ministry of Justice courts page surfaced.,يلزم التحقق من الصفحة الرسمية وصفحة التشريعات والخدمات القضائية
SA-official_gazette,SA,السعودية,Saudi Arabia,official_gazette,السعودية — الجريدة الرسمية,,not_identified,URL not populated because a specific official page was not verified; do not infer or fabricate one.,,,2026-11-10,,يلزم التحقق من جهة الإصدار وأرشيف الأعداد وإمكانية تنزيل النص الرسمي
SO-highest_court,SO,الصومال,Somalia,highest_court,الصومال — المحكمة العليا / محكمة النقض / التمييز,,not_identified,URL not populated because a specific official page was not verified; do not infer or fabricate one.,,,2026-11-10,,يلزم تسجيل المحكمة العليا المختصة ورابط الأحكام أو المبادئ الأصلية
SO-public_prosecution,SO,الصومال,Somalia,public_prosecution,الصومال — النيابة العامة / الادعاء العام,,not_identified,URL not populated because a specific official page was not verified; do not infer or fabricate one.,,,2026-11-10,,يلزم تحديد الجهة الرسمية ونطاق اختصاصها ورابط القرارات أو التشريعات المنشورة
SO-ministry_of_justice,SO,الصومال,Somalia,ministry_of_justice,الصومال — وزارة العدل,,not_identified,URL not populated because a specific official page was not verified; do not infer or fabricate one.,,,2026-11-10,,يلزم التحقق من الصفحة الرسمية وصفحة التشريعات والخدمات القضائية
SO-official_gazette,SO,الصومال,Somalia,official_gazette,الصومال — الجريدة الرسمية,,not_identified,URL not populated because a specific official page was not verified; do not infer or fabricate one.,,,2026-11-10,,يلزم التحقق من جهة الإصدار وأرشيف الأعداد وإمكانية تنزيل النص الرسمي
SD-highest_court,SD,السودان,Sudan,highest_court,السودان — المحكمة العليا / محكمة النقض / التمييز,,not_identified,URL not populated because a specific official page was not verified; do not infer or fabricate one.,,,2026-11-10,,يلزم تسجيل المحكمة العليا المختصة ورابط الأحكام أو المبادئ الأصلية
SD-public_prosecution,SD,السودان,Sudan,public_prosecution,السودان — النيابة العامة / الادعاء العام,,not_identified,URL not populated because a specific official page was not verified; do not infer or fabricate one.,,,2026-11-10,,يلزم تحديد الجهة الرسمية ونطاق اختصاصها ورابط القرارات أو التشريعات المنشورة
SD-ministry_of_justice,SD,السودان,Sudan,ministry_of_justice,السودان — وزارة العدل,,not_identified,URL not populated because a specific official page was not verified; do not infer or fabricate one.,,,2026-11-10,,يلزم التحقق من الصفحة الرسمية وصفحة التشريعات والخدمات القضائية
SD-official_gazette,SD,السودان,Sudan,official_gazette,السودان — الجريدة الرسمية,,not_identified,URL not populated because a specific official page was not verified; do not infer or fabricate one.,,,2026-11-10,,يلزم التحقق من جهة الإصدار وأرشيف الأعداد وإمكانية تنزيل النص الرسمي
SY-highest_court,SY,سوريا,Syria,highest_court,سوريا — المحكمة العليا / محكمة النقض / التمييز,,not_identified,URL not populated because a specific official page was not verified; do not infer or fabricate one.,,,2026-11-10,,يلزم تسجيل المحكمة العليا المختصة ورابط الأحكام أو المبادئ الأصلية
SY-public_prosecution,SY,سوريا,Syria,public_prosecution,سوريا — النيابة العامة / الادعاء العام,,not_identified,URL not populated because a specific official page was not verified; do not infer or fabricate one.,,,2026-11-10,,يلزم تحديد الجهة الرسمية ونطاق اختصاصها ورابط القرارات أو التشريعات المنشورة
SY-ministry_of_justice,SY,سوريا,Syria,ministry_of_justice,سوريا — وزارة العدل,,not_identified,URL not populated because a specific official page was not verified; do not infer or fabricate one.,,,2026-11-10,,يلزم التحقق من الصفحة الرسمية وصفحة التشريعات والخدمات القضائية
SY-official_gazette,SY,سوريا,Syria,official_gazette,سوريا — الجريدة الرسمية,,not_identified,URL not populated because a specific official page was not verified; do not infer or fabricate one.,,,2026-11-10,,يلزم التحقق من جهة الإصدار وأرشيف الأعداد وإمكانية تنزيل النص الرسمي
TN-highest_court,TN,تونس,Tunisia,highest_court,تونس — المحكمة العليا / محكمة النقض / التمييز,,not_identified,URL not populated because a specific official page was not verified; do not infer or fabricate one.,,,2026-11-10,,يلزم تسجيل المحكمة العليا المختصة ورابط الأحكام أو المبادئ الأصلية
TN-public_prosecution,TN,تونس,Tunisia,public_prosecution,تونس — النيابة العامة / الادعاء العام,,not_identified,URL not populated because a specific official page was not verified; do not infer or fabricate one.,,,2026-11-10,,يلزم تحديد الجهة الرسمية ونطاق اختصاصها ورابط القرارات أو التشريعات المنشورة
TN-ministry_of_justice,TN,تونس,Tunisia,ministry_of_justice,تونس — وزارة العدل,,not_identified,URL not populated because a specific official page was not verified; do not infer or fabricate one.,,,2026-11-10,,يلزم التحقق من الصفحة الرسمية وصفحة التشريعات والخدمات القضائية
TN-official_gazette,TN,تونس,Tunisia,official_gazette,تونس — الجريدة الرسمية,,not_identified,URL not populated because a specific official page was not verified; do not infer or fabricate one.,,,2026-11-10,,يلزم التحقق من جهة الإصدار وأرشيف الأعداد وإمكانية تنزيل النص الرسمي
AE-highest_court,AE,الإمارات,United Arab Emirates,highest_court,الإمارات — المحكمة العليا / محكمة النقض / التمييز,,not_identified,URL not populated because a specific official page was not verified; do not infer or fabricate one.,,,2026-11-10,,يلزم تسجيل المحكمة العليا المختصة ورابط الأحكام أو المبادئ الأصلية
AE-public_prosecution,AE,الإمارات,United Arab Emirates,public_prosecution,الإمارات — النيابة العامة / الادعاء العام,,not_identified,URL not populated because a specific official page was not verified; do not infer or fabricate one.,,,2026-11-10,,يلزم تحديد الجهة الرسمية ونطاق اختصاصها ورابط القرارات أو التشريعات المنشورة
AE-ministry_of_justice,AE,الإمارات,United Arab Emirates,ministry_of_justice,الإمارات — وزارة العدل,https://www.moj.gov.ae/en/legal-legislation/federal-decrees-laws-and-resolutions/,official_page_found,Open website; individual legal material may require separate verification.,2026-10-11,,2026-11-10,UAE Ministry of Justice legal legislation portal surfaced.,يلزم التحقق من الصفحة الرسمية وصفحة التشريعات والخدمات القضائية
AE-official_gazette,AE,الإمارات,United Arab Emirates,official_gazette,الإمارات — الجريدة الرسمية,,not_identified,URL not populated because a specific official page was not verified; do not infer or fabricate one.,,,2026-11-10,,يلزم التحقق من جهة الإصدار وأرشيف الأعداد وإمكانية تنزيل النص الرسمي
YE-highest_court,YE,اليمن,Yemen,highest_court,اليمن — المحكمة العليا / محكمة النقض / التمييز,,not_identified,URL not populated because a specific official page was not verified; do not infer or fabricate one.,,,2026-11-10,,يلزم تسجيل المحكمة العليا المختصة ورابط الأحكام أو المبادئ الأصلية
YE-public_prosecution,YE,اليمن,Yemen,public_prosecution,اليمن — النيابة العامة / الادعاء العام,,not_identified,URL not populated because a specific official page was not verified; do not infer or fabricate one.,,,2026-11-10,,يلزم تحديد الجهة الرسمية ونطاق اختصاصها ورابط القرارات أو التشريعات المنشورة
YE-ministry_of_justice,YE,اليمن,Yemen,ministry_of_justice,اليمن — وزارة العدل,https://moj.gov.ye/,official_page_found,Open website; individual legal material may require separate verification.,2026-10-11,,2026-11-10,Yemen Ministry of Justice website surfaced.,يلزم التحقق من الصفحة الرسمية وصفحة التشريعات والخدمات القضائية
YE-official_gazette,YE,اليمن,Yemen,official_gazette,اليمن — الجريدة الرسمية,,not_identified,URL not populated because a specific official page was not verified; do not infer or fabricate one.,,,2026-11-10,,يلزم التحقق من جهة الإصدار وأرشيف الأعداد وإمكانية تنزيل النص الرسمي
