law_key,law_name,law_number,year,repository_paths,repository_record_status,effective_status,official_source_url,last_checked,required_next_action,notes
civil-procedure,قانون المرافعات والتنفيذ المدني,40,2002,laws/civil-procedure/.gitkeep; laws/civil-procedure/README.md; laws/civil-procedure/amendments.md; laws/civil-procedure/articles/222.md; laws/civil-procedure/articles/222.yml; laws/civil-procedure/articles/499.md; laws/civil-procedure/articles/499.yml; laws/civil-procedure/articles/502.md; laws/civil-procedure/key-articles.md; laws/civil-procedure/law-40-2002.md; laws/civil-procedure/sources.md,partially-verified (repository metadata only),unknown,https://www.moj.gov.ye/LawsM,2026-10-11,التحقق من النسخة الرسمية وآخر التعديلات وتاريخ النفاذ قبل الاستشهاد,الحالة تعكس بيانات المستودع ومساراته فقط، وليست شهادة مستقلة بنفاذ القانون.
criminal-procedure,قانون الإجراءات الجزائية,13,1994,laws/criminal-procedure/README.md; laws/criminal-procedure/articles/346.md; laws/criminal-procedure/articles/350.md; laws/criminal-procedure/articles/367.md; laws/criminal-procedure/articles/367.yml; laws/criminal-procedure/articles/368.md; laws/criminal-procedure/articles/368.yml; laws/criminal-procedure/articles/411.md; laws/criminal-procedure/articles/469.md; laws/criminal-procedure/law-13-1994.md; laws/criminal-procedure/sources.md,partially-verified (repository metadata only),unknown,https://www.moj.gov.ye/LawsM,2026-10-11,التحقق من النسخة الرسمية وآخر التعديلات وتاريخ النفاذ قبل الاستشهاد,الحالة تعكس بيانات المستودع ومساراته فقط، وليست شهادة مستقلة بنفاذ القانون.
penal-code,قانون الجرائم والعقوبات,12,1994,laws/penal-code/README.md; laws/penal-code/articles/16.md; laws/penal-code/articles/2.md; laws/penal-code/articles/253.md; laws/penal-code/articles/321.md; laws/penal-code/articles/323.md; laws/penal-code/law-12-1994.md; laws/penal-code/sources.md,partially-verified (repository metadata only),unknown,https://www.moj.gov.ye/LawsM,2026-10-11,التحقق من النسخة الرسمية وآخر التعديلات وتاريخ النفاذ قبل الاستشهاد,الحالة تعكس بيانات المستودع ومساراته فقط، وليست شهادة مستقلة بنفاذ القانون.
commercial,التشريعات التجارية,,,laws/commercial/README.md,needs-verification,unknown,https://www.moj.gov.ye/LawsM,2026-10-11,التحقق من النسخة الرسمية وآخر التعديلات وتاريخ النفاذ قبل الاستشهاد,الحالة تعكس بيانات المستودع ومساراته فقط، وليست شهادة مستقلة بنفاذ القانون.
execution,تشريعات التنفيذ,,,laws/execution/README.md,needs-verification,unknown,https://www.moj.gov.ye/LawsM,2026-10-11,التحقق من النسخة الرسمية وآخر التعديلات وتاريخ النفاذ قبل الاستشهاد,الحالة تعكس بيانات المستودع ومساراته فقط، وليست شهادة مستقلة بنفاذ القانون.
judiciary,التشريعات القضائية,,,laws/judiciary/README.md,needs-verification,unknown,https://www.moj.gov.ye/LawsM,2026-10-11,التحقق من النسخة الرسمية وآخر التعديلات وتاريخ النفاذ قبل الاستشهاد,الحالة تعكس بيانات المستودع ومساراته فقط، وليست شهادة مستقلة بنفاذ القانون.
labor,تشريعات العمل,,,laws/labor/README.md,needs-verification,unknown,https://www.moj.gov.ye/LawsM,2026-10-11,التحقق من النسخة الرسمية وآخر التعديلات وتاريخ النفاذ قبل الاستشهاد,الحالة تعكس بيانات المستودع ومساراته فقط، وليست شهادة مستقلة بنفاذ القانون.
personal-status,تشريعات الأحوال الشخصية,,,laws/personal-status/README.md,needs-verification,unknown,https://www.moj.gov.ye/LawsM,2026-10-11,التحقق من النسخة الرسمية وآخر التعديلات وتاريخ النفاذ قبل الاستشهاد,الحالة تعكس بيانات المستودع ومساراته فقط، وليست شهادة مستقلة بنفاذ القانون.
water,تشريعات المياه,,,laws/water/README.md,needs-verification,unknown,https://www.moj.gov.ye/LawsM,2026-10-11,التحقق من النسخة الرسمية وآخر التعديلات وتاريخ النفاذ قبل الاستشهاد,الحالة تعكس بيانات المستودع ومساراته فقط، وليست شهادة مستقلة بنفاذ القانون.
