record_id,title,source_type,jurisdiction,law_name,law_number,year,article_number,official_url,repository_path,verification_status,effective_status,last_verified,notes
HASSEN-0001,README,قالب أو سجل قضية,اليمن,,,,,,cases/README.md,needs-verification,unknown,,فهرسة بنيوية من مسار الملف في المستودع؛ لا تثبت وحدها صحة المحتوى أو نفاذ التشريع أو حجية السابقة.
HASSEN-0002,case record template,قالب أو سجل قضية,اليمن,,,,,,cases/case-record-template.md,needs-verification,unknown,,فهرسة بنيوية من مسار الملف في المستودع؛ لا تثبت وحدها صحة المحتوى أو نفاذ التشريع أو حجية السابقة.
HASSEN-0003,case engine,قالب أو سجل قضية,اليمن,,,,,,cases/case_engine.py,needs-verification,unknown,,فهرسة بنيوية من مسار الملف في المستودع؛ لا تثبت وحدها صحة المحتوى أو نفاذ التشريع أو حجية السابقة.
HASSEN-0004,template,قالب أو سجل قضية,اليمن,,,,,,cases/property-possession/template.md,needs-verification,unknown,,فهرسة بنيوية من مسار الملف في المستودع؛ لا تثبت وحدها صحة المحتوى أو نفاذ التشريع أو حجية السابقة.
HASSEN-0005,README,مرجع فقهي/سجل فقه,اليمن,,,,,,fiqh/README.md,needs-verification,unknown,,فهرسة بنيوية من مسار الملف في المستودع؛ لا تثبت وحدها صحة المحتوى أو نفاذ التشريع أو حجية السابقة.
HASSEN-0006,README,إعداد جمع المصادر,اليمن,,,,,,ingestion/README.md,needs-verification,unknown,,فهرسة بنيوية من مسار الملف في المستودع؛ لا تثبت وحدها صحة المحتوى أو نفاذ التشريع أو حجية السابقة.
HASSEN-0007,corpus manifest,إعداد جمع المصادر,اليمن,,,,,,ingestion/corpus_manifest.py,needs-verification,unknown,,فهرسة بنيوية من مسار الملف في المستودع؛ لا تثبت وحدها صحة المحتوى أو نفاذ التشريع أو حجية السابقة.
HASSEN-0008,official sources,إعداد جمع المصادر,اليمن,,,,,,ingestion/official_sources.yml,needs-verification,unknown,,فهرسة بنيوية من مسار الملف في المستودع؛ لا تثبت وحدها صحة المحتوى أو نفاذ التشريع أو حجية السابقة.
HASSEN-0009,source registry,إعداد جمع المصادر,اليمن,,,,,,ingestion/source_registry.yml,needs-verification,unknown,,فهرسة بنيوية من مسار الملف في المستودع؛ لا تثبت وحدها صحة المحتوى أو نفاذ التشريع أو حجية السابقة.
HASSEN-0010,قانون المرافعات والتنفيذ المدني,ملف تشريع أو سجل تشريعي,اليمن,قانون المرافعات والتنفيذ المدني,40,2002,,,laws/civil-procedure/.gitkeep,partially-verified (repository metadata only),unknown,,وصف التحقق الجزئي من مخطط المستودع فقط؛ يلزم الرجوع إلى المصدر الرسمي والتحقق من التعديلات والنفاذ.
HASSEN-0011,قانون المرافعات والتنفيذ المدني,ملف تشريع أو سجل تشريعي,اليمن,قانون المرافعات والتنفيذ المدني,40,2002,,,laws/civil-procedure/README.md,partially-verified (repository metadata only),unknown,,وصف التحقق الجزئي من مخطط المستودع فقط؛ يلزم الرجوع إلى المصدر الرسمي والتحقق من التعديلات والنفاذ.
HASSEN-0012,قانون المرافعات والتنفيذ المدني,ملف تشريع أو سجل تشريعي,اليمن,قانون المرافعات والتنفيذ المدني,40,2002,,,laws/civil-procedure/amendments.md,partially-verified (repository metadata only),unknown,,وصف التحقق الجزئي من مخطط المستودع فقط؛ يلزم الرجوع إلى المصدر الرسمي والتحقق من التعديلات والنفاذ.
HASSEN-0013,قانون المرافعات والتنفيذ المدني,سجل مادة تشريعية,اليمن,قانون المرافعات والتنفيذ المدني,40,2002,222,,laws/civil-procedure/articles/222.md,partially-verified (repository metadata only),unknown,,وصف التحقق الجزئي من مخطط المستودع فقط؛ يلزم الرجوع إلى المصدر الرسمي والتحقق من التعديلات والنفاذ.
HASSEN-0014,قانون المرافعات والتنفيذ المدني,سجل مادة تشريعية,اليمن,قانون المرافعات والتنفيذ المدني,40,2002,222,,laws/civil-procedure/articles/222.yml,partially-verified (repository metadata only),unknown,,وصف التحقق الجزئي من مخطط المستودع فقط؛ يلزم الرجوع إلى المصدر الرسمي والتحقق من التعديلات والنفاذ.
HASSEN-0015,قانون المرافعات والتنفيذ المدني,سجل مادة تشريعية,اليمن,قانون المرافعات والتنفيذ المدني,40,2002,499,,laws/civil-procedure/articles/499.md,partially-verified (repository metadata only),unknown,,وصف التحقق الجزئي من مخطط المستودع فقط؛ يلزم الرجوع إلى المصدر الرسمي والتحقق من التعديلات والنفاذ.
HASSEN-0016,قانون المرافعات والتنفيذ المدني,سجل مادة تشريعية,اليمن,قانون المرافعات والتنفيذ المدني,40,2002,499,,laws/civil-procedure/articles/499.yml,partially-verified (repository metadata only),unknown,,وصف التحقق الجزئي من مخطط المستودع فقط؛ يلزم الرجوع إلى المصدر الرسمي والتحقق من التعديلات والنفاذ.
HASSEN-0017,قانون المرافعات والتنفيذ المدني,سجل مادة تشريعية,اليمن,قانون المرافعات والتنفيذ المدني,40,2002,502,,laws/civil-procedure/articles/502.md,partially-verified (repository metadata only),unknown,,وصف التحقق الجزئي من مخطط المستودع فقط؛ يلزم الرجوع إلى المصدر الرسمي والتحقق من التعديلات والنفاذ.
HASSEN-0018,قانون المرافعات والتنفيذ المدني,ملف تشريع أو سجل تشريعي,اليمن,قانون المرافعات والتنفيذ المدني,40,2002,,,laws/civil-procedure/key-articles.md,partially-verified (repository metadata only),unknown,,وصف التحقق الجزئي من مخطط المستودع فقط؛ يلزم الرجوع إلى المصدر الرسمي والتحقق من التعديلات والنفاذ.
HASSEN-0019,قانون المرافعات والتنفيذ المدني,ملف تشريع أو سجل تشريعي,اليمن,قانون المرافعات والتنفيذ المدني,40,2002,,,laws/civil-procedure/law-40-2002.md,partially-verified (repository metadata only),unknown,,وصف التحقق الجزئي من مخطط المستودع فقط؛ يلزم الرجوع إلى المصدر الرسمي والتحقق من التعديلات والنفاذ.
HASSEN-0020,قانون المرافعات والتنفيذ المدني,ملف تشريع أو سجل تشريعي,اليمن,قانون المرافعات والتنفيذ المدني,40,2002,,,laws/civil-procedure/sources.md,partially-verified (repository metadata only),unknown,,وصف التحقق الجزئي من مخطط المستودع فقط؛ يلزم الرجوع إلى المصدر الرسمي والتحقق من التعديلات والنفاذ.
HASSEN-0021,التشريعات التجارية,ملف تشريع أو سجل تشريعي,اليمن,,,,,,laws/commercial/README.md,needs-verification,unknown,,فهرسة بنيوية من مسار الملف في المستودع؛ لا تثبت وحدها صحة المحتوى أو نفاذ التشريع أو حجية السابقة.
HASSEN-0022,قانون الإجراءات الجزائية,ملف تشريع أو سجل تشريعي,اليمن,قانون الإجراءات الجزائية,13,1994,,,laws/criminal-procedure/README.md,partially-verified (repository metadata only),unknown,,وصف التحقق الجزئي من مخطط المستودع فقط؛ يلزم الرجوع إلى المصدر الرسمي والتحقق من التعديلات والنفاذ.
HASSEN-0023,قانون الإجراءات الجزائية,سجل مادة تشريعية,اليمن,قانون الإجراءات الجزائية,13,1994,346,,laws/criminal-procedure/articles/346.md,partially-verified (repository metadata only),unknown,,وصف التحقق الجزئي من مخطط المستودع فقط؛ يلزم الرجوع إلى المصدر الرسمي والتحقق من التعديلات والنفاذ.
HASSEN-0024,قانون الإجراءات الجزائية,سجل مادة تشريعية,اليمن,قانون الإجراءات الجزائية,13,1994,350,,laws/criminal-procedure/articles/350.md,partially-verified (repository metadata only),unknown,,وصف التحقق الجزئي من مخطط المستودع فقط؛ يلزم الرجوع إلى المصدر الرسمي والتحقق من التعديلات والنفاذ.
HASSEN-0025,قانون الإجراءات الجزائية,سجل مادة تشريعية,اليمن,قانون الإجراءات الجزائية,13,1994,367,,laws/criminal-procedure/articles/367.md,partially-verified (repository metadata only),unknown,,وصف التحقق الجزئي من مخطط المستودع فقط؛ يلزم الرجوع إلى المصدر الرسمي والتحقق من التعديلات والنفاذ.
HASSEN-0026,قانون الإجراءات الجزائية,سجل مادة تشريعية,اليمن,قانون الإجراءات الجزائية,13,1994,367,,laws/criminal-procedure/articles/367.yml,partially-verified (repository metadata only),unknown,,وصف التحقق الجزئي من مخطط المستودع فقط؛ يلزم الرجوع إلى المصدر الرسمي والتحقق من التعديلات والنفاذ.
HASSEN-0027,قانون الإجراءات الجزائية,سجل مادة تشريعية,اليمن,قانون الإجراءات الجزائية,13,1994,368,,laws/criminal-procedure/articles/368.md,partially-verified (repository metadata only),unknown,,وصف التحقق الجزئي من مخطط المستودع فقط؛ يلزم الرجوع إلى المصدر الرسمي والتحقق من التعديلات والنفاذ.
HASSEN-0028,قانون الإجراءات الجزائية,سجل مادة تشريعية,اليمن,قانون الإجراءات الجزائية,13,1994,368,,laws/criminal-procedure/articles/368.yml,partially-verified (repository metadata only),unknown,,وصف التحقق الجزئي من مخطط المستودع فقط؛ يلزم الرجوع إلى المصدر الرسمي والتحقق من التعديلات والنفاذ.
HASSEN-0029,قانون الإجراءات الجزائية,سجل مادة تشريعية,اليمن,قانون الإجراءات الجزائية,13,1994,411,,laws/criminal-procedure/articles/411.md,partially-verified (repository metadata only),unknown,,وصف التحقق الجزئي من مخطط المستودع فقط؛ يلزم الرجوع إلى المصدر الرسمي والتحقق من التعديلات والنفاذ.
HASSEN-0030,قانون الإجراءات الجزائية,سجل مادة تشريعية,اليمن,قانون الإجراءات الجزائية,13,1994,469,,laws/criminal-procedure/articles/469.md,partially-verified (repository metadata only),unknown,,وصف التحقق الجزئي من مخطط المستودع فقط؛ يلزم الرجوع إلى المصدر الرسمي والتحقق من التعديلات والنفاذ.
HASSEN-0031,قانون الإجراءات الجزائية,ملف تشريع أو سجل تشريعي,اليمن,قانون الإجراءات الجزائية,13,1994,,,laws/criminal-procedure/law-13-1994.md,partially-verified (repository metadata only),unknown,,وصف التحقق الجزئي من مخطط المستودع فقط؛ يلزم الرجوع إلى المصدر الرسمي والتحقق من التعديلات والنفاذ.
HASSEN-0032,قانون الإجراءات الجزائية,ملف تشريع أو سجل تشريعي,اليمن,قانون الإجراءات الجزائية,13,1994,,,laws/criminal-procedure/sources.md,partially-verified (repository metadata only),unknown,,وصف التحقق الجزئي من مخطط المستودع فقط؛ يلزم الرجوع إلى المصدر الرسمي والتحقق من التعديلات والنفاذ.
HASSEN-0033,تشريعات التنفيذ,ملف تشريع أو سجل تشريعي,اليمن,,,,,,laws/execution/README.md,needs-verification,unknown,,فهرسة بنيوية من مسار الملف في المستودع؛ لا تثبت وحدها صحة المحتوى أو نفاذ التشريع أو حجية السابقة.
HASSEN-0034,التشريعات القضائية,ملف تشريع أو سجل تشريعي,اليمن,,,,,,laws/judiciary/README.md,needs-verification,unknown,,فهرسة بنيوية من مسار الملف في المستودع؛ لا تثبت وحدها صحة المحتوى أو نفاذ التشريع أو حجية السابقة.
HASSEN-0035,تشريعات العمل,ملف تشريع أو سجل تشريعي,اليمن,,,,,,laws/labor/README.md,needs-verification,unknown,,فهرسة بنيوية من مسار الملف في المستودع؛ لا تثبت وحدها صحة المحتوى أو نفاذ التشريع أو حجية السابقة.
HASSEN-0036,قانون الجرائم والعقوبات,ملف تشريع أو سجل تشريعي,اليمن,قانون الجرائم والعقوبات,12,1994,,,laws/penal-code/README.md,partially-verified (repository metadata only),unknown,,وصف التحقق الجزئي من مخطط المستودع فقط؛ يلزم الرجوع إلى المصدر الرسمي والتحقق من التعديلات والنفاذ.
HASSEN-0037,قانون الجرائم والعقوبات,سجل مادة تشريعية,اليمن,قانون الجرائم والعقوبات,12,1994,16,,laws/penal-code/articles/16.md,partially-verified (repository metadata only),unknown,,وصف التحقق الجزئي من مخطط المستودع فقط؛ يلزم الرجوع إلى المصدر الرسمي والتحقق من التعديلات والنفاذ.
HASSEN-0038,قانون الجرائم والعقوبات,سجل مادة تشريعية,اليمن,قانون الجرائم والعقوبات,12,1994,2,,laws/penal-code/articles/2.md,partially-verified (repository metadata only),unknown,,وصف التحقق الجزئي من مخطط المستودع فقط؛ يلزم الرجوع إلى المصدر الرسمي والتحقق من التعديلات والنفاذ.
HASSEN-0039,قانون الجرائم والعقوبات,سجل مادة تشريعية,اليمن,قانون الجرائم والعقوبات,12,1994,253,,laws/penal-code/articles/253.md,partially-verified (repository metadata only),unknown,,وصف التحقق الجزئي من مخطط المستودع فقط؛ يلزم الرجوع إلى المصدر الرسمي والتحقق من التعديلات والنفاذ.
HASSEN-0040,قانون الجرائم والعقوبات,سجل مادة تشريعية,اليمن,قانون الجرائم والعقوبات,12,1994,321,,laws/penal-code/articles/321.md,partially-verified (repository metadata only),unknown,,وصف التحقق الجزئي من مخطط المستودع فقط؛ يلزم الرجوع إلى المصدر الرسمي والتحقق من التعديلات والنفاذ.
HASSEN-0041,قانون الجرائم والعقوبات,سجل مادة تشريعية,اليمن,قانون الجرائم والعقوبات,12,1994,323,,laws/penal-code/articles/323.md,partially-verified (repository metadata only),unknown,,وصف التحقق الجزئي من مخطط المستودع فقط؛ يلزم الرجوع إلى المصدر الرسمي والتحقق من التعديلات والنفاذ.
HASSEN-0042,قانون الجرائم والعقوبات,ملف تشريع أو سجل تشريعي,اليمن,قانون الجرائم والعقوبات,12,1994,,,laws/penal-code/law-12-1994.md,partially-verified (repository metadata only),unknown,,وصف التحقق الجزئي من مخطط المستودع فقط؛ يلزم الرجوع إلى المصدر الرسمي والتحقق من التعديلات والنفاذ.
HASSEN-0043,قانون الجرائم والعقوبات,ملف تشريع أو سجل تشريعي,اليمن,قانون الجرائم والعقوبات,12,1994,,,laws/penal-code/sources.md,partially-verified (repository metadata only),unknown,,وصف التحقق الجزئي من مخطط المستودع فقط؛ يلزم الرجوع إلى المصدر الرسمي والتحقق من التعديلات والنفاذ.
HASSEN-0044,تشريعات الأحوال الشخصية,ملف تشريع أو سجل تشريعي,اليمن,,,,,,laws/personal-status/README.md,needs-verification,unknown,,فهرسة بنيوية من مسار الملف في المستودع؛ لا تثبت وحدها صحة المحتوى أو نفاذ التشريع أو حجية السابقة.
HASSEN-0045,تشريعات المياه,ملف تشريع أو سجل تشريعي,اليمن,,,,,,laws/water/README.md,needs-verification,unknown,,فهرسة بنيوية من مسار الملف في المستودع؛ لا تثبت وحدها صحة المحتوى أو نفاذ التشريع أو حجية السابقة.
HASSEN-0046,README,مبدأ/مرجع قضائي يحتاج تحققًا,اليمن,,,,,,principles/cassation/README.md,needs-verification,unknown,,لا يعتمد كمبدأ قضائي موثق قبل التحقق من أصل الحكم ورقمه وتاريخه ودائرته ومضمونه.
HASSEN-0047,deliberation and unpresented evidence,مبدأ/مرجع قضائي يحتاج تحققًا,اليمن,,,,,,principles/cassation/deliberation-and-unpresented-evidence.md,needs-verification,unknown,,لا يعتمد كمبدأ قضائي موثق قبل التحقق من أصل الحكم ورقمه وتاريخه ودائرته ومضمونه.
HASSEN-0048,ground template,مبدأ/مرجع قضائي يحتاج تحققًا,اليمن,,,,,,principles/cassation/ground-template.md,needs-verification,unknown,,لا يعتمد كمبدأ قضائي موثق قبل التحقق من أصل الحكم ورقمه وتاريخه ودائرته ومضمونه.
HASSEN-0049,property and possession,مبدأ/مرجع قضائي يحتاج تحققًا,اليمن,,,,,,principles/legal-issues/property-and-possession.md,needs-verification,unknown,,لا يعتمد كمبدأ قضائي موثق قبل التحقق من أصل الحكم ورقمه وتاريخه ودائرته ومضمونه.
HASSEN-0050,README,مبدأ/مرجع قضائي يحتاج تحققًا,اليمن,,,,,,principles/supreme-court/README.md,needs-verification,unknown,,لا يعتمد كمبدأ قضائي موثق قبل التحقق من أصل الحكم ورقمه وتاريخه ودائرته ومضمونه.
HASSEN-0051,constitutional basis,مبدأ/مرجع قضائي يحتاج تحققًا,اليمن,,,,,,principles/supreme-court/constitutional-basis.md,needs-verification,unknown,,لا يعتمد كمبدأ قضائي موثق قبل التحقق من أصل الحكم ورقمه وتاريخه ودائرته ومضمونه.
HASSEN-0052,index,مبدأ/مرجع قضائي يحتاج تحققًا,اليمن,,,,,,principles/supreme-court/index.md,needs-verification,unknown,,لا يعتمد كمبدأ قضائي موثق قبل التحقق من أصل الحكم ورقمه وتاريخه ودائرته ومضمونه.
HASSEN-0053,precedent 1,مبدأ/مرجع قضائي يحتاج تحققًا,اليمن,,,,,,principles/supreme-court/precedent-1.md,needs-verification,unknown,,لا يعتمد كمبدأ قضائي موثق قبل التحقق من أصل الحكم ورقمه وتاريخه ودائرته ومضمونه.
HASSEN-0054,precedent 120,مبدأ/مرجع قضائي يحتاج تحققًا,اليمن,,,,,,principles/supreme-court/precedent-120.md,needs-verification,unknown,,لا يعتمد كمبدأ قضائي موثق قبل التحقق من أصل الحكم ورقمه وتاريخه ودائرته ومضمونه.
HASSEN-0055,precedent 13,مبدأ/مرجع قضائي يحتاج تحققًا,اليمن,,,,,,principles/supreme-court/precedent-13.md,needs-verification,unknown,,لا يعتمد كمبدأ قضائي موثق قبل التحقق من أصل الحكم ورقمه وتاريخه ودائرته ومضمونه.
HASSEN-0056,source policy,مبدأ/مرجع قضائي يحتاج تحققًا,اليمن,,,,,,principles/supreme-court/source-policy.md,needs-verification,unknown,,لا يعتمد كمبدأ قضائي موثق قبل التحقق من أصل الحكم ورقمه وتاريخه ودائرته ومضمونه.
HASSEN-0057,article verification register,أداة بحث وربط قانوني,اليمن,,,,,,research/article-verification-register.csv,needs-verification,unknown,,فهرسة بنيوية من مسار الملف في المستودع؛ لا تثبت وحدها صحة المحتوى أو نفاذ التشريع أو حجية السابقة.
HASSEN-0058,cross links,أداة بحث وربط قانوني,اليمن,,,,,,research/cross-links.md,needs-verification,unknown,,فهرسة بنيوية من مسار الملف في المستودع؛ لا تثبت وحدها صحة المحتوى أو نفاذ التشريع أو حجية السابقة.
HASSEN-0059,issue matrix,أداة بحث وربط قانوني,اليمن,,,,,,research/issue-matrix.md,needs-verification,unknown,,فهرسة بنيوية من مسار الملف في المستودع؛ لا تثبت وحدها صحة المحتوى أو نفاذ التشريع أو حجية السابقة.
HASSEN-0060,keywords,أداة بحث وربط قانوني,اليمن,,,,,,research/keywords.yml,needs-verification,unknown,,فهرسة بنيوية من مسار الملف في المستودع؛ لا تثبت وحدها صحة المحتوى أو نفاذ التشريع أو حجية السابقة.
HASSEN-0061,source verification register,أداة بحث وربط قانوني,اليمن,,,,,,research/source-verification-register.csv,needs-verification,unknown,,فهرسة بنيوية من مسار الملف في المستودع؛ لا تثبت وحدها صحة المحتوى أو نفاذ التشريع أو حجية السابقة.
HASSEN-0062,source verification,أداة بحث وربط قانوني,اليمن,,,,,,research/source-verification.md,needs-verification,unknown,,فهرسة بنيوية من مسار الملف في المستودع؛ لا تثبت وحدها صحة المحتوى أو نفاذ التشريع أو حجية السابقة.
HASSEN-0063,answer contract,مخطط بيانات,اليمن,,,,,,schemas/answer-contract.yml,needs-verification,unknown,,فهرسة بنيوية من مسار الملف في المستودع؛ لا تثبت وحدها صحة المحتوى أو نفاذ التشريع أو حجية السابقة.
HASSEN-0064,legal record,مخطط بيانات,اليمن,,,,,,schemas/legal-record.md,needs-verification,unknown,,فهرسة بنيوية من مسار الملف في المستودع؛ لا تثبت وحدها صحة المحتوى أو نفاذ التشريع أو حجية السابقة.
HASSEN-0065,legislation index,مخطط بيانات,اليمن,,,,,,schemas/legislation-index.md,needs-verification,unknown,,فهرسة بنيوية من مسار الملف في المستودع؛ لا تثبت وحدها صحة المحتوى أو نفاذ التشريع أو حجية السابقة.
HASSEN-0066,resource catalog.schema,مخطط بيانات,اليمن,,,,,,schemas/resource-catalog.schema.json,needs-verification,unknown,,فهرسة بنيوية من مسار الملف في المستودع؛ لا تثبت وحدها صحة المحتوى أو نفاذ التشريع أو حجية السابقة.
HASSEN-0067,source record,مخطط بيانات,اليمن,,,,,,schemas/source-record.md,needs-verification,unknown,,فهرسة بنيوية من مسار الملف في المستودع؛ لا تثبت وحدها صحة المحتوى أو نفاذ التشريع أو حجية السابقة.
HASSEN-0068,source record,مخطط بيانات,اليمن,,,,,,schemas/source-record.yml,needs-verification,unknown,,فهرسة بنيوية من مسار الملف في المستودع؛ لا تثبت وحدها صحة المحتوى أو نفاذ التشريع أو حجية السابقة.
HASSEN-0069,source verification record.schema,مخطط بيانات,اليمن,,,,,,schemas/source-verification-record.schema.json,needs-verification,unknown,,فهرسة بنيوية من مسار الملف في المستودع؛ لا تثبت وحدها صحة المحتوى أو نفاذ التشريع أو حجية السابقة.
HASSEN-0070,README,سجل مصدر,اليمن,,,,,,sources/official/README.md,needs-verification,unknown,,فهرسة بنيوية من مسار الملف في المستودع؛ لا تثبت وحدها صحة المحتوى أو نفاذ التشريع أو حجية السابقة.
HASSEN-0071,resource catalog,سجل مصدر,اليمن,,,,,,sources/resource-catalog.csv,needs-verification,unknown,,فهرسة بنيوية من مسار الملف في المستودع؛ لا تثبت وحدها صحة المحتوى أو نفاذ التشريع أو حجية السابقة.
